Usuario,Password
Jefferson,Jefferson1234
Darlin,Darlin1234
Damaris,Damaris1234
Dennis,Dennis1234
Eliou,Eliou1234
Emily,Emily1234
Parsons,Parsons1234
Penny,Penny1234
Howard,Howard1234
Eric,Eric1234
Paola,Paola1234
Cintia,Cintia1234
Julio,Julio1234
Enrique,Enrique1234
Jorrge,Jorrge1234
Ribelino,Ribelino1234
Osvaldo,Osvaldo1234
Gabriela,Gabriela1234
Dexter,Dexter1234
P,P1234
Manuel,Manuel1234
Jose,Jose1234
Carlos,Carlos1234
Jefferson,Jefferson1234
Carlos,Carlos1234
P,P1234
s,s1234
Omar,Omar1234
Cartel,Cartel1234
